familyname;firstname;street;housenumber;city;zip code;phone number;email;birthday;IBAN
Becker;Anna;Schulstraße;57;Halle (Saale);6108;491727269453;anna.becker@example.com;06.03.2001;DE67860618254870622477
Dietz;Anna;Bergstraße;39;Kassel;34117;491660815169;anna.dietz@example.com;23.04.1972;DE33317949088894612571
Engel;Anna;Bergstraße;4;Berlin;10825;491529285922;anna.engel@example.com;25.03.1998;DE76309485971287772661
Keller;Anna;Hauptstraße;52;Erfurt;99084;491744908864;anna.keller@example.com;24.05.2002;DE35179736942616383272
Köhler;Anna;Bahnhofstraße;7;Köln;50737;491582143083;anna.köhler@example.com;01.10.2002;DE51152442714440156676
Lorenz;Anna;Dorfstraße;99;Frankfurt am Main;60385;491683135028;anna.lorenz@example.com;26.07.1984;DE89287493738618949399
Müller;Anna;Gartenstraße;61;Bremen;28195;491751669435;anna.müller@example.com;08.12.2002;DE20732924085051669622
Müller;Anna;Dorfstraße;39;Hamburg;20095;491584806398;anna.müller1@example.com;09.05.1957;DE50424986529213854656
Müller;Anna;Friedhofstraße;24;Stuttgart;70178;491655946986;anna.müller2@example.com;19.08.1965;DE17773114989747295013
Schneider;Anna;Bergstraße;22;Magdeburg;39104;491767909818;anna.schneider@example.com;27.08.1988;DE62849667536683575414
Scholz;Anna;Bahnhofstraße;58;Heidelberg;69117;491769234086;anna.scholz@example.com;31.08.1993;DE59328395458226862431
Schulz;Anna;Bahnhofstraße;69;Nürnberg;90402;491617820296;anna.schulz@example.com;04.09.2002;DE28104740747731329408
Winter;Anna;Dorfstraße;33;Stuttgart;70626;491791315834;anna.winter@example.com;23.04.1997;DE28209927617588055682
Wolf;Anna;Gartenstraße;50;Chemnitz;9111;491657120020;anna.wolf@example.com;23.07.1986;DE10609276311661241413
Becker;Emilia;Gartenstraße;18;München;80333;491749495578;emilia.becker@example.com;02.02.1969;DE40292932546750932686
Dietz;Emilia;Dorfstraße;53;Erfurt;99084;491702695201;emilia.dietz@example.com;16.04.1969;DE78461677749743800111
Fischer;Emilia;Gartenstraße;19;Mülheim an der Ruhr;45468;491617992110;emilia.fischer@example.com;31.10.1947;DE23971679282054011964
Peters;Emilia;Schulstraße;66;Hamburg;20097;491779994798;emilia.peters@example.com;29.11.1991;DE10843745205963187154
Schulz;Emilia;Bergstraße;87;Dortmund;44135;491508442873;emilia.schulz@example.com;31.12.1979;DE99891380148453709609
Urban;Emilia;Schulstraße;95;Magdeburg;39104;491513457166;emilia.urban@example.com;05.02.1991;DE54690482401833037268
Wagner;Emilia;Friedhofstraße;73;Hamburg;20095;491660566383;emilia.wagner@example.com;16.12.1967;DE68338806622848229160
Weber;Emilia;Bergstraße;7;Düsseldorf;40213;491547166185;emilia.weber@example.com;08.03.1966;DE93550499464017040128
Brand;Finn;Dorfstraße;73;Berlin;10719;491508327366;finn.brand@example.com;13.04.2004;DE71583136893993077041
Krause;Finn;Bahnhofstraße;18;Saarbrücken;66111;491620506941;finn.krause@example.com;03.09.1984;DE30296160591858229092
Pohl;Finn;Dorfstraße;54;Wiesbaden;65183;491660927665;finn.pohl@example.com;13.01.1946;DE11110746212424404923
Schmidt;Finn;Bergstraße;71;Heidelberg;69117;491577388227;finn.schmidt@example.com;30.09.1989;DE62869166858385731422
Schmidt;Finn;Bahnhofstraße;62;Stuttgart;70329;491555265681;finn.schmidt1@example.com;05.09.1994;DE99642198248476355952
Scholz;Finn;Bahnhofstraße;49;Dortmund;44267;491719799093;finn.scholz@example.com;14.08.1977;DE82357862999310416052
Schubert;Finn;Friedhofstraße;18;Berlin;10781;491610499305;finn.schubert@example.com;19.01.1985;DE98877415297784415340
Schulz;Finn;Hauptstraße;93;Aachen;52062;491624126025;finn.schulz@example.com;07.02.2007;DE62980509111455481593
Wagner;Finn;Gartenstraße;87;Berlin;10115;491573201263;finn.wagner@example.com;04.02.1983;DE74274295959704909023
Becker;Laura;Gartenstraße;93;Stuttgart;70565;491615650612;laura.becker@example.com;21.08.1969;DE67536326187555810654
Brand;Laura;Bahnhofstraße;35;Dortmund;44229;491762534989;laura.brand@example.com;17.07.1993;DE57654798355965181172
Fischer;Laura;Gartenstraße;60;München;80803;491559144750;laura.fischer@example.com;16.06.2000;DE52279058691007299699
Hoffmann;Laura;Kirchstraße;94;Augsburg;86150;491535477755;laura.hoffmann@example.com;15.03.1957;DE82441954387249123281
König;Laura;Dorfstraße;90;München;80687;491732861587;laura.könig@example.com;20.10.2002;DE47823222175756073786
Krüger;Laura;Hauptstraße;65;Berlin;10829;491708126323;laura.krüger@example.com;09.08.1947;DE46950010835881673804
Schulz;Laura;Friedhofstraße;89;Pfaffenhofen;85276;491650567807;laura.schulz@example.com;08.01.1957;DE23673802141276774661
Schulz;Laura;Kirchstraße;57;Stuttgart;70563;491684987686;laura.schulz1@example.com;04.11.1963;DE59141544218821359102
Schuster;Laura;Bahnhofstraße;50;Kassel;34117;491754522282;laura.schuster@example.com;02.06.1992;DE25550265776958819443
Seidel;Laura;Bahnhofstraße;37;Köln;50767;491648039884;laura.seidel@example.com;01.10.1971;DE49801801738930748826
Vogel;Laura;Schulstraße;81;Stuttgart;70469;491688471341;laura.vogel@example.com;18.05.1950;DE51257541556202778294
Voigt;Laura;Gartenstraße;62;Köln;50765;491602258936;laura.voigt@example.com;10.08.1956;DE48225719604654161559
Wagner;Laura;Schulstraße;41;Stuttgart;70567;491757578365;laura.wagner@example.com;29.08.1946;DE65979395664579773755
Winter;Laura;Kirchstraße;88;Osnabrück;49074;491586086396;laura.winter@example.com;04.03.1979;DE21494107903390578680
Becker;Leon;Bergstraße;99;Berlin;10587;491678472475;leon.becker@example.com;17.11.1970;DE30496622875854542788
Graf;Leon;Dorfstraße;74;Potsdam;14467;491705935694;leon.graf@example.com;09.06.1979;DE38313582045316633529
Graf;Leon;Gartenstraße;78;Hamburg;20146;491626868592;leon.graf1@example.com;29.02.1952;DE70614623805938450942
Hartmann;Leon;Schulstraße;28;Köln;50739;491726047094;leon.hartmann@example.com;13.05.1992;DE32489862496441239816
Köhler;Leon;Bergstraße;89;Mainz;55116;491628592825;leon.köhler@example.com;03.07.1957;DE72804159963285289968
Köhler;Leon;Kirchstraße;35;Stuttgart;70329;491660498178;leon.köhler1@example.com;07.10.1978;DE20361160287236387058
Pohl;Leon;Gartenstraße;11;Frankfurt am Main;60311;491691451878;leon.pohl@example.com;02.05.2002;DE54741621547324935113
Schneider;Leon;Dorfstraße;72;Berlin;10829;491533500405;leon.schneider@example.com;02.08.2002;DE13878871386034342517
Schneider;Leon;Kirchstraße;48;Mannheim;68159;491656954542;leon.schneider1@example.com;17.05.2001;DE99263739151647551615
Vogel;Leon;Dorfstraße;56;Potsdam;14467;491617275448;leon.vogel@example.com;28.07.1965;DE44912664699824630301
Zimmermann;Leon;Gartenstraße;17;Kiel;24103;491514997540;leon.zimmermann@example.com;29.09.1996;DE29436973104176987500
Böhm;Lukas;Dorfstraße;34;Frankfurt am Main;60327;491620113688;lukas.böhm@example.com;08.03.1966;DE21170097932617551353
Dietrich;Lukas;Gartenstraße;28;Berlin;10969;491734840188;lukas.dietrich@example.com;26.01.1991;DE98552342127532684469
Dietz;Lukas;Kirchstraße;53;Dortmund;44229;491524811202;lukas.dietz@example.com;23.04.1967;DE90271453801131323009
Hahn;Lukas;Friedhofstraße;63;Rostock;18055;491746825411;lukas.hahn@example.com;07.12.1972;DE12879754511291267225
Keller;Lukas;Dorfstraße;69;Düsseldorf;40213;491718568358;lukas.keller@example.com;17.01.1983;DE65522083229611580053
Krüger;Lukas;Friedhofstraße;18;München;80335;491749821408;lukas.krüger@example.com;16.09.1986;DE28664876727484118928
Kuhn;Lukas;Bergstraße;20;Hamburg;20355;491764716095;lukas.kuhn@example.com;20.08.2000;DE34143354134686329039
Meyer;Lukas;Hauptstraße;25;Karlsruhe;76131;491635119367;lukas.meyer@example.com;01.05.1957;DE56412849592496181099
Schneider;Lukas;Friedhofstraße;97;Wuppertal;42103;491789245983;lukas.schneider@example.com;27.05.2000;DE17647991794939687760
Schneider;Lukas;Bahnhofstraße;92;Frankfurt am Main;60306;491728114056;lukas.schneider1@example.com;21.11.1953;DE39582801572686794522
Schulz;Lukas;Dorfstraße;74;Dortmund;44328;491595635079;lukas.schulz@example.com;14.04.1946;DE66458947171056989395
Seidel;Lukas;Dorfstraße;80;Kassel;34117;491564853638;lukas.seidel@example.com;09.03.1951;DE52545152979149126184
Wagner;Lukas;Bahnhofstraße;33;Erfurt;99084;491769736991;lukas.wagner@example.com;01.08.1962;DE29338096498932023996
Becker;Marie;Kirchstraße;14;Köln;50677;491629025439;marie.becker@example.com;30.11.2005;DE97749892676681082578
Fischer;Marie;Dorfstraße;15;Oldenburg;26121;491680706278;marie.fischer@example.com;26.02.1949;DE71641120541923275721
Hartmann;Marie;Friedhofstraße;21;Lübeck;23552;491680803815;marie.hartmann@example.com;22.08.1953;DE91697054884229206924
Hoffmann;Marie;Schulstraße;50;Köln;50667;491707220817;marie.hoffmann@example.com;13.11.1973;DE50226043558607226136
Krüger;Marie;Schulstraße;82;Bochum;44787;491584175914;marie.krüger@example.com;30.08.1973;DE97318269944279381933
Schulte;Marie;Kirchstraße;86;Frankfurt am Main;60310;491693494894;marie.schulte@example.com;14.08.1998;DE68825257329864349426
Vogel;Marie;Bahnhofstraße;54;Osnabrück;49074;491630576055;marie.vogel@example.com;31.01.1960;DE99394533887372081743
Wagner;Marie;Bergstraße;17;Duisburg;47051;491612690330;marie.wagner@example.com;23.10.1960;DE39917483145920297871
Meyer;Max;Hauptstraße;14;Lübeck;23552;491647707817;max.meyer@example.com;11.09.1957;DE69944063319308015314
Müller;Max;Friedhofstraße;72;Stuttgart;70599;491593898244;max.müller@example.com;14.05.2001;DE90944227254570548091
Scholz;Max;Bahnhofstraße;69;Stuttgart;70736;491531696492;max.scholz@example.com;22.02.1967;DE24610484058579675074
Schröder;Max;Kirchstraße;24;München;80469;491547389100;max.schröder@example.com;19.06.1959;DE42698350534172759654
Wagner;Max;Gartenstraße;15;Oldenburg;26121;491689897759;max.wagner@example.com;25.03.1958;DE19556195577449879288
Albrecht;Paul;Gartenstraße;73;Hamburg;20144;491725357945;paul.albrecht@example.com;19.04.1948;DE46469246476828408264
Fischer;Paul;Dorfstraße;55;München;80331;491798327260;paul.fischer@example.com;12.02.1991;DE12639584873984622231
Fischer;Paul;Schulstraße;56;Stuttgart;70597;491574644798;paul.fischer1@example.com;14.12.1985;DE35992323347230374833
Hahn;Paul;Bahnhofstraße;44;Berlin;10709;491619805404;paul.hahn@example.com;09.07.2005;DE54114809719465582048
Hoffmann;Paul;Gartenstraße;56;Halle (Saale);6108;491745422197;paul.hoffmann@example.com;27.11.1971;DE45115723761930722197
Keller;Paul;Kirchstraße;24;Regensburg;93047;491734984800;paul.keller@example.com;23.12.1988;DE32730138803824568885
Keller;Paul;Kirchstraße;69;Stuttgart;70734;491732876739;paul.keller1@example.com;18.01.1982;DE37530580124259340615
Kraus;Paul;Friedhofstraße;93;Dortmund;44139;491658905489;paul.kraus@example.com;26.07.1967;DE51782052374867208376
Meyer;Paul;Bergstraße;46;Gelsenkirchen;45879;491510125036;paul.meyer@example.com;25.03.1953;DE36744435398945128968
Pohl;Paul;Bahnhofstraße;14;München;80538;491509325528;paul.pohl@example.com;07.05.1953;DE77900998674434760498
Schulz;Paul;Dorfstraße;8;Bielefeld;33602;491665202122;paul.schulz@example.com;09.05.1987;DE79305123444432175359
Seidel;Paul;Friedhofstraße;37;Berlin;10407;491789251785;paul.seidel@example.com;09.09.1946;DE44137202711260286300
Vogel;Paul;Dorfstraße;15;Berlin;10629;491686083452;paul.vogel@example.com;30.07.1993;DE34224010188389915592
Jung;Sophie;Bahnhofstraße;93;Frankfurt am Main;60308;491619395271;sophie.jung@example.com;27.07.1994;DE99567507397227298321
Schneider;Sophie;Hauptstraße;12;Braunschweig;38100;491753639097;sophie.schneider@example.com;12.07.1964;DE51540458663364768279
Schneider;Sophie;Kirchstraße;72;Lübeck;23552;491673860083;sophie.schneider1@example.com;15.07.1956;DE47288651198173441413
Schulz;Sophie;Schulstraße;62;Würzburg;97070;491742072053;sophie.schulz@example.com;21.03.1981;DE53784267558675712061
Weber;Sophie;Bergstraße;93;Braunschweig;38100;491589839677;sophie.weber@example.com;27.03.1971;DE84394667103621067478
